name;pages-url;Game
project1;https://ju-nmd2022.github.io/fop-final-project-project-1/;Who SUS
project2;https://ju-nmd2022.github.io/fop-final-project-project-2/;JTH Chase
project3;https://ju-nmd2022.github.io/fop-final-project-project-3/;Fairy Quest
project5;https://ju-nmd2022.github.io/fop-final-project-project05/;Runaway Monster
project6;https://ju-nmd2022.github.io/fop-final-project-project-6/;Chazin Mazin 2
project7;https://ju-nmd2022.github.io/fop-final-project-project-7/;Serotonin Simulator
project8;https://ju-nmd2022.github.io/fop-final-project-project-8/;Cloud Cruiser
project9;https://ju-nmd2022.github.io/fop-final-project-project-9/;Goose Game
project10;https://ju-nmd2022.github.io/fop-final-project-project-10;Starstream
project11;https://ju-nmd2022.github.io/fop-final-project-project-11/;TIE Fighter
project12;https://ju-nmd2022.github.io/fop-final-project-project-12/;The great search for the fat rat
project13;https://ju-nmd2022.github.io/fop-final-project-project-13/;Colligo
project14;https://ju-nmd2022.github.io/fop-final-project-project-14/;Chicken Survive
project15;https://ju-nmd2022.github.io/fop-final-project-project-15/;AKA Rush
project16;https://ju-nmd2022.github.io/fop-final-project-project-16/;Ski for your Life
project17;https://ju-nmd2022.github.io/fop-final-project-project-17/;Kitty Rush
project18;https://ju-nmd2022.github.io/fop-final-project-project-18/;Flower Picker
project20;https://ju-nmd2022.github.io/fop-final-project-project-20/;Mouse Chase
project21;https://ju-nmd2022.github.io/fop-final-project-project-21/;AKA Rush
project22;https://ju-nmd2022.github.io/fop-final-project-project-22/;Catch
project24;https://ju-nmd2022.github.io/fop-final-project-project-24/;Thunderclouds
project25;https://ju-nmd2022.github.io/fop-final-project-project-25/;Time Machine
project26;https://ju-nmd2022.github.io/fop-final-project-project26/;Labyrinth of Souls
project27;https://ju-nmd2022.github.io/fop-final-project-project-27/;La Gelateria
project28;https://ju-nmd2022.github.io/fop-final-project-project-28/;Everlore's Tower
project29;https://ju-nmd2022.github.io/fop-final-project-project-29/;Tracky Tokio
project30;https://ju-nmd2022.github.io/fop-final-project-project-30/;Frogger
project31;https://ju-nmd2022.github.io/fop-final-project-project31/;Slicer 3D
project32;https://ju-nmd2022.github.io/fop-final-project-project-32/;Pietminer
project33;https://ju-nmd2022.github.io/fop-final-project-project-33/;Toxic Waste Wipeout
project34;https://ju-nmd2022.github.io/fop-final-project-project-34/;Monkey Run
project35;https://ju-nmd2022.github.io/fop-final-project-project-35/;Catch the Students
project38;https://ju-nmd2022.github.io/fop-final-project-project-38/;Tetra Puck
project39;https://ju-nmd2022.github.io/fop-final-project-project-39/;Ball Game
project40;https://ju-nmd2022.github.io/fop-final-project-project-40/;Monkey Climb
project42;https://ju-nmd2022.github.io/fop-final-project-project-86/;Bring Spring to JKPG
project43;https://ju-nmd2022.github.io/fop-final-project-project-43;Animal Catcher